participant_id,dimension,timepoint,status
1,A,1,0
1,A,2,0
1,A,3,0
1,A,4,0
1,A,5,1
1,A,6,0
1,A,7,0
1,A,8,0
1,A,9,0
1,A,10,0
1,A,11,0
1,A,12,0
1,A,13,0
1,A,14,0
1,A,15,0
1,A,16,1
1,A,17,0
1,A,18,0
1,A,19,0
1,A,20,0
1,B,1,1
1,B,2,1
1,B,3,1
1,B,4,1
1,B,5,0
1,B,6,1
1,B,7,1
1,B,8,0
1,B,9,0
1,B,10,1
1,B,11,1
1,B,12,1
1,B,13,1
1,B,14,1
1,B,15,0
1,B,16,1
1,B,17,0
1,B,18,1
1,B,19,0
1,B,20,1
2,A,1,0
2,A,2,0
2,A,3,0
2,A,4,0
2,A,5,0
2,A,6,0
2,A,7,0
2,A,8,0
2,A,9,0
2,A,10,0
2,A,11,0
2,A,12,0
2,A,13,0
2,A,14,0
2,A,15,0
2,A,16,0
2,A,17,0
2,A,18,0
2,A,19,0
2,A,20,1
2,B,1,1
2,B,2,0
2,B,3,1
2,B,4,0
2,B,5,1
2,B,6,1
2,B,7,1
2,B,8,0
2,B,9,0
2,B,10,1
2,B,11,1
2,B,12,1
2,B,13,0
2,B,14,1
2,B,15,1
2,B,16,0
2,B,17,0
2,B,18,0
2,B,19,1
2,B,20,1
3,A,1,1
3,A,2,1
3,A,3,1
3,A,4,0
3,A,5,1
3,A,6,1
3,A,7,1
3,A,8,1
3,A,9,1
3,A,10,0
3,A,11,1
3,A,12,0
3,A,13,1
3,A,14,1
3,A,15,1
3,A,16,1
3,A,17,1
3,A,18,1
3,A,19,1
3,A,20,1
3,B,1,1
3,B,2,0
3,B,3,1
3,B,4,1
3,B,5,0
3,B,6,1
3,B,7,1
3,B,8,0
3,B,9,1
3,B,10,0
3,B,11,1
3,B,12,1
3,B,13,1
3,B,14,0
3,B,15,1
3,B,16,0
3,B,17,0
3,B,18,1
3,B,19,0
3,B,20,0
4,A,1,1
4,A,2,0
4,A,3,1
4,A,4,0
4,A,5,1
4,A,6,1
4,A,7,1
4,A,8,1
4,A,9,1
4,A,10,1
4,A,11,1
4,A,12,1
4,A,13,0
4,A,14,1
4,A,15,1
4,A,16,0
4,A,17,1
4,A,18,1
4,A,19,1
4,A,20,1
4,B,1,0
4,B,2,1
4,B,3,1
4,B,4,0
4,B,5,1
4,B,6,1
4,B,7,0
4,B,8,0
4,B,9,1
4,B,10,0
4,B,11,1
4,B,12,0
4,B,13,1
4,B,14,1
4,B,15,1
4,B,16,0
4,B,17,0
4,B,18,1
4,B,19,1
4,B,20,1
5,A,1,0
5,A,2,1
5,A,3,1
5,A,4,1
5,A,5,1
5,A,6,0
5,A,7,1
5,A,8,1
5,A,9,1
5,A,10,1
5,A,11,1
5,A,12,1
5,A,13,1
5,A,14,1
5,A,15,1
5,A,16,1
5,A,17,1
5,A,18,1
5,A,19,1
5,A,20,1
5,B,1,1
5,B,2,0
5,B,3,1
5,B,4,1
5,B,5,1
5,B,6,0
5,B,7,1
5,B,8,0
5,B,9,0
5,B,10,1
5,B,11,0
5,B,12,1
5,B,13,1
5,B,14,0
5,B,15,1
5,B,16,0
5,B,17,0
5,B,18,0
5,B,19,0
5,B,20,1
6,A,1,1
6,A,2,1
6,A,3,0
6,A,4,0
6,A,5,1
6,A,6,0
6,A,7,0
6,A,8,0
6,A,9,0
6,A,10,0
6,A,11,1
6,A,12,1
6,A,13,0
6,A,14,0
6,A,15,0
6,A,16,0
6,A,17,0
6,A,18,0
6,A,19,0
6,A,20,0
6,B,1,1
6,B,2,1
6,B,3,1
6,B,4,1
6,B,5,1
6,B,6,1
6,B,7,1
6,B,8,1
6,B,9,1
6,B,10,1
6,B,11,1
6,B,12,1
6,B,13,1
6,B,14,1
6,B,15,1
6,B,16,1
6,B,17,1
6,B,18,1
6,B,19,1
6,B,20,1
7,A,1,1
7,A,2,0
7,A,3,0
7,A,4,0
7,A,5,0
7,A,6,0
7,A,7,1
7,A,8,0
7,A,9,0
7,A,10,1
7,A,11,0
7,A,12,0
7,A,13,0
7,A,14,0
7,A,15,1
7,A,16,1
7,A,17,0
7,A,18,0
7,A,19,1
7,A,20,1
7,B,1,1
7,B,2,0
7,B,3,1
7,B,4,0
7,B,5,1
7,B,6,1
7,B,7,1
7,B,8,1
7,B,9,1
7,B,10,1
7,B,11,1
7,B,12,1
7,B,13,1
7,B,14,0
7,B,15,1
7,B,16,0
7,B,17,0
7,B,18,0
7,B,19,1
7,B,20,1
8,A,1,1
8,A,2,1
8,A,3,0
8,A,4,1
8,A,5,1
8,A,6,1
8,A,7,1
8,A,8,0
8,A,9,1
8,A,10,1
8,A,11,1
8,A,12,1
8,A,13,1
8,A,14,1
8,A,15,1
8,A,16,1
8,A,17,1
8,A,18,1
8,A,19,0
8,A,20,1
8,B,1,0
8,B,2,0
8,B,3,0
8,B,4,0
8,B,5,1
8,B,6,1
8,B,7,0
8,B,8,0
8,B,9,0
8,B,10,0
8,B,11,0
8,B,12,0
8,B,13,1
8,B,14,0
8,B,15,1
8,B,16,0
8,B,17,0
8,B,18,0
8,B,19,0
8,B,20,0
9,A,1,1
9,A,2,1
9,A,3,1
9,A,4,1
9,A,5,1
9,A,6,1
9,A,7,0
9,A,8,1
9,A,9,1
9,A,10,1
9,A,11,1
9,A,12,1
9,A,13,1
9,A,14,1
9,A,15,1
9,A,16,1
9,A,17,1
9,A,18,0
9,A,19,1
9,A,20,1
9,B,1,0
9,B,2,0
9,B,3,1
9,B,4,1
9,B,5,1
9,B,6,0
9,B,7,1
9,B,8,1
9,B,9,0
9,B,10,1
9,B,11,1
9,B,12,1
9,B,13,1
9,B,14,1
9,B,15,1
9,B,16,0
9,B,17,1
9,B,18,0
9,B,19,1
9,B,20,1
10,A,1,0
10,A,2,0
10,A,3,1
10,A,4,0
10,A,5,0
10,A,6,0
10,A,7,0
10,A,8,0
10,A,9,0
10,A,10,0
10,A,11,1
10,A,12,0
10,A,13,1
10,A,14,1
10,A,15,0
10,A,16,0
10,A,17,0
10,A,18,0
10,A,19,0
10,A,20,1
10,B,1,1
10,B,2,1
10,B,3,1
10,B,4,1
10,B,5,1
10,B,6,1
10,B,7,1
10,B,8,1
10,B,9,1
10,B,10,1
10,B,11,1
10,B,12,1
10,B,13,1
10,B,14,1
10,B,15,1
10,B,16,1
10,B,17,1
10,B,18,1
10,B,19,1
10,B,20,1
11,A,1,0
11,A,2,1
11,A,3,0
11,A,4,0
11,A,5,0
11,A,6,0
11,A,7,1
11,A,8,0
11,A,9,1
11,A,10,1
11,A,11,1
11,A,12,0
11,A,13,0
11,A,14,0
11,A,15,0
11,A,16,0
11,A,17,1
11,A,18,1
11,A,19,1
11,A,20,0
11,B,1,1
11,B,2,1
11,B,3,1
11,B,4,1
11,B,5,0
11,B,6,1
11,B,7,1
11,B,8,1
11,B,9,1
11,B,10,1
11,B,11,1
11,B,12,1
11,B,13,1
11,B,14,1
11,B,15,1
11,B,16,0
11,B,17,1
11,B,18,1
11,B,19,1
11,B,20,1
12,A,1,1
12,A,2,1
12,A,3,1
12,A,4,1
12,A,5,1
12,A,6,1
12,A,7,1
12,A,8,1
12,A,9,1
12,A,10,1
12,A,11,1
12,A,12,1
12,A,13,1
12,A,14,1
12,A,15,1
12,A,16,1
12,A,17,1
12,A,18,1
12,A,19,1
12,A,20,1
12,B,1,0
12,B,2,0
12,B,3,0
12,B,4,0
12,B,5,0
12,B,6,1
12,B,7,0
12,B,8,0
12,B,9,1
12,B,10,0
12,B,11,0
12,B,12,0
12,B,13,0
12,B,14,1
12,B,15,1
12,B,16,0
12,B,17,1
12,B,18,0
12,B,19,1
12,B,20,0
13,A,1,0
13,A,2,0
13,A,3,1
13,A,4,0
13,A,5,0
13,A,6,0
13,A,7,0
13,A,8,0
13,A,9,1
13,A,10,0
13,A,11,0
13,A,12,0
13,A,13,0
13,A,14,0
13,A,15,1
13,A,16,0
13,A,17,0
13,A,18,1
13,A,19,1
13,A,20,1
13,B,1,0
13,B,2,1
13,B,3,0
13,B,4,0
13,B,5,0
13,B,6,0
13,B,7,0
13,B,8,0
13,B,9,1
13,B,10,0
13,B,11,1
13,B,12,0
13,B,13,0
13,B,14,1
13,B,15,0
13,B,16,0
13,B,17,0
13,B,18,0
13,B,19,1
13,B,20,0
14,A,1,1
14,A,2,1
14,A,3,1
14,A,4,1
14,A,5,1
14,A,6,1
14,A,7,1
14,A,8,1
14,A,9,1
14,A,10,1
14,A,11,1
14,A,12,1
14,A,13,1
14,A,14,1
14,A,15,1
14,A,16,1
14,A,17,1
14,A,18,1
14,A,19,1
14,A,20,1
14,B,1,1
14,B,2,1
14,B,3,1
14,B,4,1
14,B,5,1
14,B,6,1
14,B,7,1
14,B,8,0
14,B,9,1
14,B,10,0
14,B,11,1
14,B,12,1
14,B,13,1
14,B,14,1
14,B,15,0
14,B,16,1
14,B,17,1
14,B,18,1
14,B,19,1
14,B,20,1
15,A,1,1
15,A,2,1
15,A,3,1
15,A,4,1
15,A,5,1
15,A,6,1
15,A,7,1
15,A,8,1
15,A,9,1
15,A,10,1
15,A,11,1
15,A,12,1
15,A,13,1
15,A,14,1
15,A,15,1
15,A,16,1
15,A,17,0
15,A,18,1
15,A,19,1
15,A,20,1
15,B,1,1
15,B,2,1
15,B,3,0
15,B,4,1
15,B,5,1
15,B,6,0
15,B,7,1
15,B,8,1
15,B,9,1
15,B,10,0
15,B,11,0
15,B,12,1
15,B,13,1
15,B,14,1
15,B,15,0
15,B,16,1
15,B,17,1
15,B,18,0
15,B,19,1
15,B,20,0
16,A,1,0
16,A,2,0
16,A,3,0
16,A,4,0
16,A,5,0
16,A,6,0
16,A,7,0
16,A,8,0
16,A,9,0
16,A,10,0
16,A,11,0
16,A,12,0
16,A,13,0
16,A,14,0
16,A,15,0
16,A,16,0
16,A,17,0
16,A,18,0
16,A,19,0
16,A,20,0
16,B,1,1
16,B,2,1
16,B,3,1
16,B,4,0
16,B,5,1
16,B,6,1
16,B,7,0
16,B,8,1
16,B,9,0
16,B,10,1
16,B,11,1
16,B,12,1
16,B,13,1
16,B,14,1
16,B,15,1
16,B,16,1
16,B,17,1
16,B,18,1
16,B,19,1
16,B,20,1
17,A,1,1
17,A,2,1
17,A,3,0
17,A,4,0
17,A,5,1
17,A,6,1
17,A,7,1
17,A,8,1
17,A,9,1
17,A,10,1
17,A,11,1
17,A,12,1
17,A,13,1
17,A,14,1
17,A,15,1
17,A,16,1
17,A,17,1
17,A,18,1
17,A,19,1
17,A,20,1
17,B,1,0
17,B,2,1
17,B,3,1
17,B,4,1
17,B,5,1
17,B,6,1
17,B,7,1
17,B,8,1
17,B,9,1
17,B,10,0
17,B,11,1
17,B,12,1
17,B,13,0
17,B,14,1
17,B,15,1
17,B,16,1
17,B,17,1
17,B,18,1
17,B,19,1
17,B,20,1
18,A,1,0
18,A,2,0
18,A,3,0
18,A,4,0
18,A,5,0
18,A,6,0
18,A,7,0
18,A,8,0
18,A,9,1
18,A,10,1
18,A,11,0
18,A,12,0
18,A,13,0
18,A,14,1
18,A,15,0
18,A,16,0
18,A,17,0
18,A,18,0
18,A,19,0
18,A,20,1
18,B,1,0
18,B,2,1
18,B,3,1
18,B,4,0
18,B,5,0
18,B,6,1
18,B,7,0
18,B,8,0
18,B,9,0
18,B,10,0
18,B,11,1
18,B,12,0
18,B,13,0
18,B,14,1
18,B,15,0
18,B,16,1
18,B,17,0
18,B,18,0
18,B,19,0
18,B,20,1
19,A,1,0
19,A,2,1
19,A,3,0
19,A,4,0
19,A,5,0
19,A,6,1
19,A,7,0
19,A,8,0
19,A,9,0
19,A,10,0
19,A,11,0
19,A,12,0
19,A,13,0
19,A,14,0
19,A,15,0
19,A,16,1
19,A,17,0
19,A,18,0
19,A,19,0
19,A,20,0
19,B,1,0
19,B,2,1
19,B,3,1
19,B,4,1
19,B,5,1
19,B,6,1
19,B,7,1
19,B,8,1
19,B,9,1
19,B,10,1
19,B,11,1
19,B,12,1
19,B,13,1
19,B,14,1
19,B,15,1
19,B,16,1
19,B,17,1
19,B,18,1
19,B,19,1
19,B,20,1
20,A,1,1
20,A,2,1
20,A,3,0
20,A,4,1
20,A,5,0
20,A,6,1
20,A,7,1
20,A,8,1
20,A,9,0
20,A,10,0
20,A,11,1
20,A,12,0
20,A,13,1
20,A,14,0
20,A,15,0
20,A,16,0
20,A,17,0
20,A,18,0
20,A,19,0
20,A,20,0
20,B,1,0
20,B,2,0
20,B,3,1
20,B,4,1
20,B,5,0
20,B,6,0
20,B,7,0
20,B,8,0
20,B,9,0
20,B,10,1
20,B,11,0
20,B,12,0
20,B,13,0
20,B,14,1
20,B,15,1
20,B,16,0
20,B,17,1
20,B,18,0
20,B,19,0
20,B,20,0
21,A,1,1
21,A,2,1
21,A,3,1
21,A,4,1
21,A,5,1
21,A,6,1
21,A,7,1
21,A,8,1
21,A,9,1
21,A,10,1
21,A,11,1
21,A,12,1
21,A,13,1
21,A,14,1
21,A,15,0
21,A,16,1
21,A,17,1
21,A,18,1
21,A,19,1
21,A,20,1
21,B,1,1
21,B,2,1
21,B,3,0
21,B,4,1
21,B,5,1
21,B,6,1
21,B,7,1
21,B,8,1
21,B,9,1
21,B,10,1
21,B,11,1
21,B,12,1
21,B,13,1
21,B,14,1
21,B,15,1
21,B,16,1
21,B,17,1
21,B,18,1
21,B,19,1
21,B,20,1
22,A,1,0
22,A,2,0
22,A,3,0
22,A,4,0
22,A,5,0
22,A,6,0
22,A,7,0
22,A,8,0
22,A,9,0
22,A,10,0
22,A,11,0
22,A,12,0
22,A,13,0
22,A,14,0
22,A,15,0
22,A,16,0
22,A,17,0
22,A,18,0
22,A,19,0
22,A,20,0
22,B,1,1
22,B,2,0
22,B,3,0
22,B,4,0
22,B,5,0
22,B,6,1
22,B,7,1
22,B,8,1
22,B,9,0
22,B,10,1
22,B,11,1
22,B,12,0
22,B,13,1
22,B,14,0
22,B,15,1
22,B,16,0
22,B,17,0
22,B,18,0
22,B,19,0
22,B,20,1
23,A,1,0
23,A,2,1
23,A,3,0
23,A,4,1
23,A,5,1
23,A,6,0
23,A,7,0
23,A,8,1
23,A,9,0
23,A,10,0
23,A,11,0
23,A,12,1
23,A,13,0
23,A,14,0
23,A,15,0
23,A,16,0
23,A,17,0
23,A,18,0
23,A,19,1
23,A,20,1
23,B,1,0
23,B,2,0
23,B,3,0
23,B,4,0
23,B,5,0
23,B,6,0
23,B,7,0
23,B,8,0
23,B,9,0
23,B,10,0
23,B,11,0
23,B,12,0
23,B,13,0
23,B,14,0
23,B,15,0
23,B,16,0
23,B,17,0
23,B,18,0
23,B,19,0
23,B,20,0
24,A,1,1
24,A,2,1
24,A,3,0
24,A,4,1
24,A,5,0
24,A,6,1
24,A,7,1
24,A,8,1
24,A,9,1
24,A,10,1
24,A,11,0
24,A,12,0
24,A,13,0
24,A,14,1
24,A,15,0
24,A,16,0
24,A,17,0
24,A,18,1
24,A,19,1
24,A,20,0
24,B,1,1
24,B,2,1
24,B,3,1
24,B,4,1
24,B,5,1
24,B,6,1
24,B,7,1
24,B,8,1
24,B,9,1
24,B,10,1
24,B,11,0
24,B,12,1
24,B,13,1
24,B,14,1
24,B,15,1
24,B,16,1
24,B,17,1
24,B,18,1
24,B,19,1
24,B,20,1
25,A,1,1
25,A,2,1
25,A,3,0
25,A,4,1
25,A,5,1
25,A,6,1
25,A,7,0
25,A,8,1
25,A,9,0
25,A,10,0
25,A,11,0
25,A,12,0
25,A,13,1
25,A,14,1
25,A,15,1
25,A,16,1
25,A,17,0
25,A,18,1
25,A,19,1
25,A,20,0
25,B,1,0
25,B,2,0
25,B,3,0
25,B,4,0
25,B,5,0
25,B,6,0
25,B,7,0
25,B,8,0
25,B,9,0
25,B,10,0
25,B,11,0
25,B,12,0
25,B,13,0
25,B,14,0
25,B,15,0
25,B,16,0
25,B,17,0
25,B,18,0
25,B,19,0
25,B,20,0
26,A,1,1
26,A,2,0
26,A,3,1
26,A,4,0
26,A,5,1
26,A,6,1
26,A,7,0
26,A,8,1
26,A,9,1
26,A,10,0
26,A,11,1
26,A,12,0
26,A,13,1
26,A,14,0
26,A,15,0
26,A,16,1
26,A,17,0
26,A,18,0
26,A,19,1
26,A,20,0
26,B,1,1
26,B,2,1
26,B,3,0
26,B,4,0
26,B,5,1
26,B,6,0
26,B,7,0
26,B,8,1
26,B,9,0
26,B,10,0
26,B,11,1
26,B,12,1
26,B,13,0
26,B,14,1
26,B,15,0
26,B,16,1
26,B,17,0
26,B,18,1
26,B,19,1
26,B,20,1
27,A,1,1
27,A,2,1
27,A,3,1
27,A,4,0
27,A,5,1
27,A,6,1
27,A,7,1
27,A,8,1
27,A,9,1
27,A,10,0
27,A,11,1
27,A,12,1
27,A,13,1
27,A,14,1
27,A,15,0
27,A,16,1
27,A,17,1
27,A,18,1
27,A,19,1
27,A,20,1
27,B,1,0
27,B,2,0
27,B,3,0
27,B,4,0
27,B,5,0
27,B,6,0
27,B,7,0
27,B,8,0
27,B,9,0
27,B,10,0
27,B,11,0
27,B,12,0
27,B,13,0
27,B,14,0
27,B,15,0
27,B,16,0
27,B,17,0
27,B,18,0
27,B,19,0
27,B,20,0
28,A,1,0
28,A,2,0
28,A,3,0
28,A,4,0
28,A,5,0
28,A,6,0
28,A,7,0
28,A,8,0
28,A,9,0
28,A,10,0
28,A,11,0
28,A,12,0
28,A,13,0
28,A,14,1
28,A,15,0
28,A,16,0
28,A,17,0
28,A,18,0
28,A,19,0
28,A,20,0
28,B,1,0
28,B,2,0
28,B,3,1
28,B,4,1
28,B,5,0
28,B,6,0
28,B,7,0
28,B,8,0
28,B,9,0
28,B,10,0
28,B,11,0
28,B,12,0
28,B,13,0
28,B,14,0
28,B,15,0
28,B,16,0
28,B,17,0
28,B,18,0
28,B,19,0
28,B,20,0
29,A,1,0
29,A,2,0
29,A,3,0
29,A,4,0
29,A,5,0
29,A,6,0
29,A,7,0
29,A,8,0
29,A,9,0
29,A,10,1
29,A,11,0
29,A,12,1
29,A,13,0
29,A,14,0
29,A,15,0
29,A,16,0
29,A,17,1
29,A,18,0
29,A,19,1
29,A,20,1
29,B,1,1
29,B,2,1
29,B,3,1
29,B,4,1
29,B,5,1
29,B,6,1
29,B,7,1
29,B,8,1
29,B,9,1
29,B,10,1
29,B,11,1
29,B,12,0
29,B,13,1
29,B,14,1
29,B,15,1
29,B,16,1
29,B,17,1
29,B,18,1
29,B,19,1
29,B,20,1
30,A,1,1
30,A,2,1
30,A,3,0
30,A,4,1
30,A,5,1
30,A,6,1
30,A,7,0
30,A,8,0
30,A,9,1
30,A,10,1
30,A,11,1
30,A,12,0
30,A,13,1
30,A,14,0
30,A,15,1
30,A,16,1
30,A,17,1
30,A,18,0
30,A,19,1
30,A,20,1
30,B,1,1
30,B,2,1
30,B,3,0
30,B,4,0
30,B,5,1
30,B,6,0
30,B,7,1
30,B,8,1
30,B,9,1
30,B,10,1
30,B,11,0
30,B,12,1
30,B,13,1
30,B,14,1
30,B,15,1
30,B,16,0
30,B,17,1
30,B,18,1
30,B,19,1
30,B,20,0
31,A,1,1
31,A,2,1
31,A,3,1
31,A,4,1
31,A,5,1
31,A,6,0
31,A,7,1
31,A,8,1
31,A,9,0
31,A,10,1
31,A,11,1
31,A,12,1
31,A,13,1
31,A,14,1
31,A,15,1
31,A,16,1
31,A,17,1
31,A,18,1
31,A,19,0
31,A,20,1
31,B,1,0
31,B,2,1
31,B,3,1
31,B,4,1
31,B,5,0
31,B,6,1
31,B,7,0
31,B,8,0
31,B,9,0
31,B,10,0
31,B,11,1
31,B,12,1
31,B,13,0
31,B,14,0
31,B,15,1
31,B,16,1
31,B,17,0
31,B,18,1
31,B,19,0
31,B,20,0
32,A,1,0
32,A,2,0
32,A,3,0
32,A,4,0
32,A,5,0
32,A,6,1
32,A,7,0
32,A,8,0
32,A,9,0
32,A,10,0
32,A,11,0
32,A,12,0
32,A,13,0
32,A,14,0
32,A,15,0
32,A,16,0
32,A,17,0
32,A,18,0
32,A,19,0
32,A,20,0
32,B,1,0
32,B,2,0
32,B,3,0
32,B,4,0
32,B,5,0
32,B,6,0
32,B,7,0
32,B,8,0
32,B,9,0
32,B,10,0
32,B,11,0
32,B,12,0
32,B,13,0
32,B,14,0
32,B,15,0
32,B,16,0
32,B,17,0
32,B,18,0
32,B,19,0
32,B,20,0
33,A,1,0
33,A,2,0
33,A,3,0
33,A,4,0
33,A,5,0
33,A,6,0
33,A,7,0
33,A,8,0
33,A,9,0
33,A,10,0
33,A,11,0
33,A,12,0
33,A,13,0
33,A,14,0
33,A,15,0
33,A,16,0
33,A,17,0
33,A,18,0
33,A,19,0
33,A,20,0
33,B,1,1
33,B,2,1
33,B,3,1
33,B,4,0
33,B,5,1
33,B,6,1
33,B,7,1
33,B,8,0
33,B,9,1
33,B,10,1
33,B,11,1
33,B,12,1
33,B,13,1
33,B,14,1
33,B,15,1
33,B,16,1
33,B,17,1
33,B,18,1
33,B,19,1
33,B,20,1
34,A,1,0
34,A,2,0
34,A,3,1
34,A,4,0
34,A,5,1
34,A,6,1
34,A,7,0
34,A,8,0
34,A,9,0
34,A,10,0
34,A,11,1
34,A,12,1
34,A,13,0
34,A,14,1
34,A,15,1
34,A,16,1
34,A,17,1
34,A,18,0
34,A,19,1
34,A,20,1
34,B,1,0
34,B,2,0
34,B,3,1
34,B,4,0
34,B,5,1
34,B,6,0
34,B,7,0
34,B,8,0
34,B,9,0
34,B,10,1
34,B,11,1
34,B,12,0
34,B,13,1
34,B,14,0
34,B,15,0
34,B,16,0
34,B,17,1
34,B,18,0
34,B,19,1
34,B,20,1
35,A,1,1
35,A,2,0
35,A,3,1
35,A,4,1
35,A,5,1
35,A,6,1
35,A,7,1
35,A,8,1
35,A,9,1
35,A,10,1
35,A,11,1
35,A,12,1
35,A,13,1
35,A,14,1
35,A,15,1
35,A,16,1
35,A,17,1
35,A,18,1
35,A,19,1
35,A,20,1
35,B,1,1
35,B,2,1
35,B,3,0
35,B,4,1
35,B,5,1
35,B,6,1
35,B,7,0
35,B,8,1
35,B,9,1
35,B,10,1
35,B,11,1
35,B,12,1
35,B,13,1
35,B,14,0
35,B,15,1
35,B,16,1
35,B,17,1
35,B,18,0
35,B,19,1
35,B,20,1
36,A,1,1
36,A,2,1
36,A,3,0
36,A,4,1
36,A,5,1
36,A,6,1
36,A,7,1
36,A,8,1
36,A,9,1
36,A,10,1
36,A,11,1
36,A,12,1
36,A,13,1
36,A,14,1
36,A,15,1
36,A,16,1
36,A,17,1
36,A,18,1
36,A,19,1
36,A,20,1
36,B,1,1
36,B,2,0
36,B,3,1
36,B,4,0
36,B,5,1
36,B,6,1
36,B,7,1
36,B,8,0
36,B,9,1
36,B,10,0
36,B,11,0
36,B,12,1
36,B,13,0
36,B,14,0
36,B,15,0
36,B,16,1
36,B,17,0
36,B,18,0
36,B,19,0
36,B,20,0
37,A,1,1
37,A,2,1
37,A,3,1
37,A,4,0
37,A,5,1
37,A,6,1
37,A,7,1
37,A,8,1
37,A,9,1
37,A,10,1
37,A,11,1
37,A,12,1
37,A,13,1
37,A,14,1
37,A,15,1
37,A,16,1
37,A,17,1
37,A,18,1
37,A,19,1
37,A,20,1
37,B,1,1
37,B,2,0
37,B,3,1
37,B,4,0
37,B,5,0
37,B,6,0
37,B,7,1
37,B,8,1
37,B,9,0
37,B,10,1
37,B,11,0
37,B,12,1
37,B,13,0
37,B,14,0
37,B,15,0
37,B,16,0
37,B,17,0
37,B,18,0
37,B,19,1
37,B,20,0
38,A,1,0
38,A,2,0
38,A,3,0
38,A,4,0
38,A,5,0
38,A,6,0
38,A,7,0
38,A,8,0
38,A,9,0
38,A,10,0
38,A,11,0
38,A,12,0
38,A,13,0
38,A,14,0
38,A,15,0
38,A,16,0
38,A,17,0
38,A,18,0
38,A,19,0
38,A,20,0
38,B,1,1
38,B,2,1
38,B,3,1
38,B,4,0
38,B,5,1
38,B,6,1
38,B,7,1
38,B,8,0
38,B,9,0
38,B,10,1
38,B,11,1
38,B,12,1
38,B,13,1
38,B,14,0
38,B,15,0
38,B,16,1
38,B,17,0
38,B,18,1
38,B,19,1
38,B,20,1
39,A,1,1
39,A,2,1
39,A,3,1
39,A,4,1
39,A,5,1
39,A,6,1
39,A,7,1
39,A,8,1
39,A,9,1
39,A,10,1
39,A,11,1
39,A,12,1
39,A,13,1
39,A,14,1
39,A,15,1
39,A,16,1
39,A,17,1
39,A,18,1
39,A,19,1
39,A,20,1
39,B,1,0
39,B,2,1
39,B,3,1
39,B,4,0
39,B,5,1
39,B,6,1
39,B,7,0
39,B,8,1
39,B,9,1
39,B,10,1
39,B,11,1
39,B,12,1
39,B,13,0
39,B,14,1
39,B,15,1
39,B,16,0
39,B,17,0
39,B,18,0
39,B,19,1
39,B,20,0
40,A,1,0
40,A,2,0
40,A,3,0
40,A,4,1
40,A,5,0
40,A,6,0
40,A,7,0
40,A,8,0
40,A,9,0
40,A,10,0
40,A,11,0
40,A,12,0
40,A,13,0
40,A,14,0
40,A,15,0
40,A,16,0
40,A,17,0
40,A,18,0
40,A,19,1
40,A,20,0
40,B,1,1
40,B,2,1
40,B,3,1
40,B,4,0
40,B,5,1
40,B,6,1
40,B,7,1
40,B,8,1
40,B,9,1
40,B,10,1
40,B,11,1
40,B,12,1
40,B,13,1
40,B,14,1
40,B,15,1
40,B,16,0
40,B,17,1
40,B,18,1
40,B,19,1
40,B,20,0
41,A,1,1
41,A,2,1
41,A,3,1
41,A,4,1
41,A,5,1
41,A,6,0
41,A,7,1
41,A,8,1
41,A,9,1
41,A,10,0
41,A,11,1
41,A,12,0
41,A,13,1
41,A,14,0
41,A,15,1
41,A,16,1
41,A,17,0
41,A,18,1
41,A,19,1
41,A,20,1
41,B,1,0
41,B,2,1
41,B,3,1
41,B,4,1
41,B,5,1
41,B,6,0
41,B,7,1
41,B,8,1
41,B,9,1
41,B,10,0
41,B,11,1
41,B,12,1
41,B,13,1
41,B,14,1
41,B,15,1
41,B,16,0
41,B,17,1
41,B,18,1
41,B,19,1
41,B,20,1
42,A,1,1
42,A,2,1
42,A,3,1
42,A,4,1
42,A,5,1
42,A,6,1
42,A,7,1
42,A,8,1
42,A,9,1
42,A,10,1
42,A,11,1
42,A,12,1
42,A,13,1
42,A,14,1
42,A,15,1
42,A,16,1
42,A,17,1
42,A,18,1
42,A,19,1
42,A,20,1
42,B,1,1
42,B,2,1
42,B,3,1
42,B,4,1
42,B,5,1
42,B,6,1
42,B,7,1
42,B,8,1
42,B,9,1
42,B,10,1
42,B,11,0
42,B,12,1
42,B,13,1
42,B,14,0
42,B,15,1
42,B,16,1
42,B,17,1
42,B,18,1
42,B,19,0
42,B,20,1
43,A,1,0
43,A,2,1
43,A,3,0
43,A,4,0
43,A,5,1
43,A,6,0
43,A,7,0
43,A,8,1
43,A,9,1
43,A,10,1
43,A,11,0
43,A,12,1
43,A,13,1
43,A,14,1
43,A,15,0
43,A,16,0
43,A,17,1
43,A,18,0
43,A,19,1
43,A,20,1
43,B,1,0
43,B,2,0
43,B,3,0
43,B,4,0
43,B,5,0
43,B,6,0
43,B,7,0
43,B,8,0
43,B,9,0
43,B,10,1
43,B,11,0
43,B,12,0
43,B,13,0
43,B,14,0
43,B,15,0
43,B,16,0
43,B,17,0
43,B,18,0
43,B,19,0
43,B,20,0
44,A,1,0
44,A,2,0
44,A,3,0
44,A,4,1
44,A,5,0
44,A,6,0
44,A,7,0
44,A,8,0
44,A,9,0
44,A,10,0
44,A,11,0
44,A,12,0
44,A,13,0
44,A,14,1
44,A,15,0
44,A,16,0
44,A,17,0
44,A,18,0
44,A,19,0
44,A,20,0
44,B,1,1
44,B,2,1
44,B,3,0
44,B,4,0
44,B,5,0
44,B,6,0
44,B,7,0
44,B,8,0
44,B,9,0
44,B,10,1
44,B,11,1
44,B,12,1
44,B,13,0
44,B,14,0
44,B,15,1
44,B,16,1
44,B,17,0
44,B,18,0
44,B,19,1
44,B,20,0
45,A,1,0
45,A,2,1
45,A,3,0
45,A,4,0
45,A,5,1
45,A,6,0
45,A,7,1
45,A,8,1
45,A,9,1
45,A,10,1
45,A,11,1
45,A,12,1
45,A,13,1
45,A,14,1
45,A,15,0
45,A,16,0
45,A,17,1
45,A,18,1
45,A,19,0
45,A,20,1
45,B,1,1
45,B,2,0
45,B,3,1
45,B,4,1
45,B,5,1
45,B,6,1
45,B,7,1
45,B,8,0
45,B,9,1
45,B,10,0
45,B,11,1
45,B,12,1
45,B,13,1
45,B,14,1
45,B,15,0
45,B,16,1
45,B,17,0
45,B,18,0
45,B,19,0
45,B,20,1
46,A,1,0
46,A,2,0
46,A,3,0
46,A,4,0
46,A,5,1
46,A,6,1
46,A,7,0
46,A,8,1
46,A,9,0
46,A,10,0
46,A,11,1
46,A,12,0
46,A,13,0
46,A,14,0
46,A,15,1
46,A,16,0
46,A,17,0
46,A,18,0
46,A,19,1
46,A,20,0
46,B,1,1
46,B,2,1
46,B,3,1
46,B,4,1
46,B,5,1
46,B,6,1
46,B,7,1
46,B,8,1
46,B,9,0
46,B,10,0
46,B,11,1
46,B,12,1
46,B,13,1
46,B,14,1
46,B,15,1
46,B,16,0
46,B,17,1
46,B,18,1
46,B,19,1
46,B,20,1
47,A,1,1
47,A,2,0
47,A,3,1
47,A,4,0
47,A,5,1
47,A,6,1
47,A,7,1
47,A,8,1
47,A,9,1
47,A,10,1
47,A,11,1
47,A,12,0
47,A,13,1
47,A,14,1
47,A,15,1
47,A,16,0
47,A,17,1
47,A,18,1
47,A,19,1
47,A,20,1
47,B,1,0
47,B,2,1
47,B,3,1
47,B,4,0
47,B,5,1
47,B,6,0
47,B,7,1
47,B,8,1
47,B,9,0
47,B,10,0
47,B,11,0
47,B,12,1
47,B,13,1
47,B,14,1
47,B,15,0
47,B,16,0
47,B,17,0
47,B,18,0
47,B,19,0
47,B,20,1
48,A,1,1
48,A,2,1
48,A,3,0
48,A,4,1
48,A,5,1
48,A,6,1
48,A,7,1
48,A,8,1
48,A,9,1
48,A,10,1
48,A,11,0
48,A,12,0
48,A,13,1
48,A,14,0
48,A,15,1
48,A,16,1
48,A,17,1
48,A,18,1
48,A,19,1
48,A,20,1
48,B,1,0
48,B,2,1
48,B,3,0
48,B,4,0
48,B,5,1
48,B,6,1
48,B,7,0
48,B,8,1
48,B,9,0
48,B,10,0
48,B,11,0
48,B,12,1
48,B,13,0
48,B,14,1
48,B,15,1
48,B,16,0
48,B,17,0
48,B,18,0
48,B,19,1
48,B,20,1
49,A,1,0
49,A,2,0
49,A,3,0
49,A,4,0
49,A,5,0
49,A,6,0
49,A,7,1
49,A,8,0
49,A,9,0
49,A,10,0
49,A,11,0
49,A,12,0
49,A,13,0
49,A,14,0
49,A,15,0
49,A,16,0
49,A,17,0
49,A,18,0
49,A,19,0
49,A,20,0
49,B,1,1
49,B,2,1
49,B,3,1
49,B,4,1
49,B,5,0
49,B,6,0
49,B,7,1
49,B,8,1
49,B,9,1
49,B,10,1
49,B,11,1
49,B,12,1
49,B,13,1
49,B,14,1
49,B,15,1
49,B,16,1
49,B,17,0
49,B,18,1
49,B,19,1
49,B,20,1
50,A,1,0
50,A,2,0
50,A,3,0
50,A,4,1
50,A,5,0
50,A,6,0
50,A,7,1
50,A,8,0
50,A,9,0
50,A,10,0
50,A,11,0
50,A,12,0
50,A,13,0
50,A,14,0
50,A,15,0
50,A,16,0
50,A,17,0
50,A,18,1
50,A,19,0
50,A,20,0
50,B,1,1
50,B,2,1
50,B,3,1
50,B,4,1
50,B,5,1
50,B,6,1
50,B,7,1
50,B,8,1
50,B,9,1
50,B,10,1
50,B,11,1
50,B,12,1
50,B,13,1
50,B,14,1
50,B,15,1
50,B,16,1
50,B,17,1
50,B,18,1
50,B,19,1
50,B,20,1
51,A,1,1
51,A,2,1
51,A,3,0
51,A,4,1
51,A,5,0
51,A,6,1
51,A,7,1
51,A,8,0
51,A,9,1
51,A,10,1
51,A,11,1
51,A,12,1
51,A,13,1
51,A,14,0
51,A,15,1
51,A,16,0
51,A,17,0
51,A,18,0
51,A,19,0
51,A,20,1
51,B,1,1
51,B,2,1
51,B,3,0
51,B,4,0
51,B,5,1
51,B,6,1
51,B,7,0
51,B,8,0
51,B,9,0
51,B,10,0
51,B,11,0
51,B,12,1
51,B,13,0
51,B,14,0
51,B,15,0
51,B,16,0
51,B,17,0
51,B,18,0
51,B,19,1
51,B,20,0
52,A,1,0
52,A,2,1
52,A,3,1
52,A,4,1
52,A,5,1
52,A,6,1
52,A,7,1
52,A,8,0
52,A,9,0
52,A,10,1
52,A,11,1
52,A,12,0
52,A,13,1
52,A,14,1
52,A,15,1
52,A,16,1
52,A,17,0
52,A,18,0
52,A,19,0
52,A,20,0
52,B,1,0
52,B,2,0
52,B,3,0
52,B,4,1
52,B,5,0
52,B,6,0
52,B,7,0
52,B,8,0
52,B,9,0
52,B,10,0
52,B,11,0
52,B,12,0
52,B,13,0
52,B,14,0
52,B,15,0
52,B,16,0
52,B,17,0
52,B,18,0
52,B,19,0
52,B,20,0
53,A,1,1
53,A,2,0
53,A,3,1
53,A,4,0
53,A,5,0
53,A,6,1
53,A,7,1
53,A,8,1
53,A,9,1
53,A,10,0
53,A,11,1
53,A,12,1
53,A,13,1
53,A,14,0
53,A,15,1
53,A,16,0
53,A,17,1
53,A,18,1
53,A,19,1
53,A,20,1
53,B,1,1
53,B,2,1
53,B,3,1
53,B,4,0
53,B,5,1
53,B,6,1
53,B,7,0
53,B,8,0
53,B,9,0
53,B,10,0
53,B,11,0
53,B,12,1
53,B,13,0
53,B,14,0
53,B,15,0
53,B,16,1
53,B,17,0
53,B,18,0
53,B,19,0
53,B,20,1
54,A,1,0
54,A,2,0
54,A,3,0
54,A,4,0
54,A,5,0
54,A,6,0
54,A,7,0
54,A,8,0
54,A,9,0
54,A,10,0
54,A,11,0
54,A,12,0
54,A,13,0
54,A,14,0
54,A,15,0
54,A,16,0
54,A,17,0
54,A,18,0
54,A,19,0
54,A,20,0
54,B,1,0
54,B,2,0
54,B,3,0
54,B,4,0
54,B,5,0
54,B,6,0
54,B,7,1
54,B,8,1
54,B,9,0
54,B,10,0
54,B,11,0
54,B,12,1
54,B,13,0
54,B,14,0
54,B,15,1
54,B,16,0
54,B,17,0
54,B,18,1
54,B,19,0
54,B,20,0
55,A,1,0
55,A,2,1
55,A,3,0
55,A,4,0
55,A,5,1
55,A,6,0
55,A,7,1
55,A,8,1
55,A,9,0
55,A,10,1
55,A,11,1
55,A,12,1
55,A,13,1
55,A,14,1
55,A,15,1
55,A,16,1
55,A,17,1
55,A,18,1
55,A,19,1
55,A,20,0
55,B,1,0
55,B,2,0
55,B,3,1
55,B,4,0
55,B,5,0
55,B,6,1
55,B,7,0
55,B,8,0
55,B,9,0
55,B,10,0
55,B,11,1
55,B,12,0
55,B,13,1
55,B,14,0
55,B,15,0
55,B,16,0
55,B,17,0
55,B,18,0
55,B,19,1
55,B,20,0
56,A,1,0
56,A,2,0
56,A,3,0
56,A,4,0
56,A,5,0
56,A,6,0
56,A,7,0
56,A,8,0
56,A,9,0
56,A,10,0
56,A,11,0
56,A,12,0
56,A,13,0
56,A,14,0
56,A,15,0
56,A,16,0
56,A,17,0
56,A,18,0
56,A,19,1
56,A,20,0
56,B,1,1
56,B,2,1
56,B,3,1
56,B,4,1
56,B,5,0
56,B,6,1
56,B,7,1
56,B,8,1
56,B,9,1
56,B,10,1
56,B,11,1
56,B,12,0
56,B,13,0
56,B,14,1
56,B,15,1
56,B,16,1
56,B,17,0
56,B,18,1
56,B,19,1
56,B,20,1
57,A,1,1
57,A,2,1
57,A,3,1
57,A,4,1
57,A,5,1
57,A,6,1
57,A,7,1
57,A,8,1
57,A,9,1
57,A,10,1
57,A,11,1
57,A,12,1
57,A,13,1
57,A,14,1
57,A,15,0
57,A,16,1
57,A,17,1
57,A,18,1
57,A,19,0
57,A,20,1
57,B,1,1
57,B,2,1
57,B,3,1
57,B,4,1
57,B,5,1
57,B,6,1
57,B,7,1
57,B,8,0
57,B,9,1
57,B,10,0
57,B,11,0
57,B,12,1
57,B,13,0
57,B,14,1
57,B,15,1
57,B,16,1
57,B,17,0
57,B,18,0
57,B,19,0
57,B,20,0
58,A,1,1
58,A,2,0
58,A,3,1
58,A,4,0
58,A,5,0
58,A,6,1
58,A,7,1
58,A,8,0
58,A,9,0
58,A,10,1
58,A,11,1
58,A,12,1
58,A,13,0
58,A,14,1
58,A,15,1
58,A,16,1
58,A,17,0
58,A,18,1
58,A,19,1
58,A,20,1
58,B,1,1
58,B,2,1
58,B,3,1
58,B,4,1
58,B,5,1
58,B,6,1
58,B,7,1
58,B,8,1
58,B,9,1
58,B,10,1
58,B,11,1
58,B,12,1
58,B,13,1
58,B,14,1
58,B,15,1
58,B,16,1
58,B,17,1
58,B,18,1
58,B,19,1
58,B,20,1
59,A,1,1
59,A,2,1
59,A,3,1
59,A,4,1
59,A,5,0
59,A,6,1
59,A,7,0
59,A,8,1
59,A,9,1
59,A,10,1
59,A,11,1
59,A,12,1
59,A,13,1
59,A,14,0
59,A,15,1
59,A,16,1
59,A,17,1
59,A,18,1
59,A,19,1
59,A,20,1
59,B,1,1
59,B,2,1
59,B,3,1
59,B,4,1
59,B,5,1
59,B,6,1
59,B,7,1
59,B,8,1
59,B,9,1
59,B,10,1
59,B,11,1
59,B,12,1
59,B,13,1
59,B,14,1
59,B,15,1
59,B,16,1
59,B,17,1
59,B,18,1
59,B,19,1
59,B,20,1
60,A,1,0
60,A,2,0
60,A,3,1
60,A,4,1
60,A,5,1
60,A,6,1
60,A,7,1
60,A,8,0
60,A,9,1
60,A,10,1
60,A,11,1
60,A,12,0
60,A,13,1
60,A,14,1
60,A,15,0
60,A,16,1
60,A,17,1
60,A,18,1
60,A,19,0
60,A,20,1
60,B,1,0
60,B,2,0
60,B,3,0
60,B,4,0
60,B,5,0
60,B,6,0
60,B,7,0
60,B,8,0
60,B,9,0
60,B,10,0
60,B,11,0
60,B,12,0
60,B,13,0
60,B,14,0
60,B,15,0
60,B,16,0
60,B,17,0
60,B,18,0
60,B,19,1
60,B,20,0
61,A,1,1
61,A,2,1
61,A,3,0
61,A,4,1
61,A,5,0
61,A,6,1
61,A,7,1
61,A,8,0
61,A,9,0
61,A,10,0
61,A,11,0
61,A,12,1
61,A,13,1
61,A,14,1
61,A,15,1
61,A,16,1
61,A,17,1
61,A,18,1
61,A,19,1
61,A,20,1
61,B,1,0
61,B,2,0
61,B,3,0
61,B,4,1
61,B,5,0
61,B,6,0
61,B,7,0
61,B,8,0
61,B,9,0
61,B,10,0
61,B,11,1
61,B,12,0
61,B,13,0
61,B,14,0
61,B,15,0
61,B,16,1
61,B,17,0
61,B,18,0
61,B,19,0
61,B,20,0
62,A,1,0
62,A,2,0
62,A,3,0
62,A,4,1
62,A,5,0
62,A,6,0
62,A,7,1
62,A,8,0
62,A,9,0
62,A,10,0
62,A,11,0
62,A,12,0
62,A,13,0
62,A,14,1
62,A,15,0
62,A,16,0
62,A,17,0
62,A,18,0
62,A,19,0
62,A,20,0
62,B,1,0
62,B,2,1
62,B,3,0
62,B,4,0
62,B,5,0
62,B,6,0
62,B,7,0
62,B,8,0
62,B,9,0
62,B,10,0
62,B,11,0
62,B,12,0
62,B,13,0
62,B,14,0
62,B,15,0
62,B,16,1
62,B,17,1
62,B,18,0
62,B,19,0
62,B,20,0
63,A,1,0
63,A,2,0
63,A,3,0
63,A,4,0
63,A,5,0
63,A,6,0
63,A,7,0
63,A,8,0
63,A,9,0
63,A,10,1
63,A,11,0
63,A,12,0
63,A,13,0
63,A,14,1
63,A,15,0
63,A,16,1
63,A,17,0
63,A,18,0
63,A,19,1
63,A,20,0
63,B,1,0
63,B,2,0
63,B,3,0
63,B,4,1
63,B,5,1
63,B,6,1
63,B,7,1
63,B,8,0
63,B,9,0
63,B,10,0
63,B,11,0
63,B,12,0
63,B,13,1
63,B,14,0
63,B,15,1
63,B,16,0
63,B,17,0
63,B,18,0
63,B,19,1
63,B,20,1
64,A,1,0
64,A,2,1
64,A,3,0
64,A,4,0
64,A,5,0
64,A,6,0
64,A,7,0
64,A,8,0
64,A,9,0
64,A,10,0
64,A,11,0
64,A,12,0
64,A,13,0
64,A,14,1
64,A,15,0
64,A,16,0
64,A,17,0
64,A,18,0
64,A,19,0
64,A,20,0
64,B,1,1
64,B,2,1
64,B,3,0
64,B,4,1
64,B,5,1
64,B,6,1
64,B,7,1
64,B,8,1
64,B,9,1
64,B,10,1
64,B,11,1
64,B,12,1
64,B,13,1
64,B,14,1
64,B,15,1
64,B,16,0
64,B,17,1
64,B,18,1
64,B,19,0
64,B,20,1
65,A,1,1
65,A,2,1
65,A,3,0
65,A,4,1
65,A,5,1
65,A,6,1
65,A,7,0
65,A,8,1
65,A,9,1
65,A,10,1
65,A,11,1
65,A,12,0
65,A,13,1
65,A,14,0
65,A,15,0
65,A,16,1
65,A,17,1
65,A,18,0
65,A,19,1
65,A,20,1
65,B,1,1
65,B,2,1
65,B,3,1
65,B,4,1
65,B,5,1
65,B,6,1
65,B,7,1
65,B,8,1
65,B,9,1
65,B,10,1
65,B,11,0
65,B,12,1
65,B,13,1
65,B,14,1
65,B,15,1
65,B,16,1
65,B,17,1
65,B,18,1
65,B,19,1
65,B,20,1
66,A,1,1
66,A,2,0
66,A,3,1
66,A,4,1
66,A,5,1
66,A,6,1
66,A,7,1
66,A,8,1
66,A,9,1
66,A,10,1
66,A,11,0
66,A,12,0
66,A,13,0
66,A,14,0
66,A,15,1
66,A,16,1
66,A,17,1
66,A,18,1
66,A,19,0
66,A,20,0
66,B,1,0
66,B,2,1
66,B,3,1
66,B,4,0
66,B,5,0
66,B,6,1
66,B,7,0
66,B,8,1
66,B,9,1
66,B,10,0
66,B,11,0
66,B,12,1
66,B,13,1
66,B,14,1
66,B,15,1
66,B,16,0
66,B,17,1
66,B,18,1
66,B,19,0
66,B,20,1
67,A,1,0
67,A,2,0
67,A,3,0
67,A,4,1
67,A,5,0
67,A,6,0
67,A,7,0
67,A,8,0
67,A,9,0
67,A,10,0
67,A,11,1
67,A,12,0
67,A,13,0
67,A,14,1
67,A,15,0
67,A,16,0
67,A,17,0
67,A,18,0
67,A,19,0
67,A,20,0
67,B,1,0
67,B,2,0
67,B,3,0
67,B,4,0
67,B,5,0
67,B,6,0
67,B,7,0
67,B,8,0
67,B,9,1
67,B,10,0
67,B,11,0
67,B,12,0
67,B,13,0
67,B,14,1
67,B,15,0
67,B,16,0
67,B,17,0
67,B,18,1
67,B,19,0
67,B,20,1
68,A,1,0
68,A,2,1
68,A,3,1
68,A,4,0
68,A,5,1
68,A,6,1
68,A,7,0
68,A,8,0
68,A,9,0
68,A,10,0
68,A,11,0
68,A,12,0
68,A,13,0
68,A,14,0
68,A,15,0
68,A,16,0
68,A,17,0
68,A,18,0
68,A,19,1
68,A,20,0
68,B,1,1
68,B,2,1
68,B,3,1
68,B,4,1
68,B,5,1
68,B,6,1
68,B,7,0
68,B,8,1
68,B,9,1
68,B,10,1
68,B,11,0
68,B,12,0
68,B,13,1
68,B,14,1
68,B,15,1
68,B,16,0
68,B,17,1
68,B,18,1
68,B,19,1
68,B,20,0
69,A,1,0
69,A,2,1
69,A,3,1
69,A,4,0
69,A,5,0
69,A,6,1
69,A,7,1
69,A,8,0
69,A,9,0
69,A,10,0
69,A,11,0
69,A,12,0
69,A,13,0
69,A,14,0
69,A,15,0
69,A,16,1
69,A,17,1
69,A,18,1
69,A,19,0
69,A,20,0
69,B,1,1
69,B,2,1
69,B,3,1
69,B,4,1
69,B,5,1
69,B,6,1
69,B,7,1
69,B,8,1
69,B,9,1
69,B,10,1
69,B,11,1
69,B,12,1
69,B,13,1
69,B,14,1
69,B,15,1
69,B,16,1
69,B,17,1
69,B,18,1
69,B,19,1
69,B,20,1
70,A,1,0
70,A,2,0
70,A,3,0
70,A,4,0
70,A,5,0
70,A,6,0
70,A,7,0
70,A,8,0
70,A,9,0
70,A,10,0
70,A,11,0
70,A,12,0
70,A,13,0
70,A,14,0
70,A,15,0
70,A,16,0
70,A,17,0
70,A,18,0
70,A,19,0
70,A,20,0
70,B,1,1
70,B,2,1
70,B,3,1
70,B,4,1
70,B,5,1
70,B,6,1
70,B,7,1
70,B,8,1
70,B,9,1
70,B,10,1
70,B,11,1
70,B,12,1
70,B,13,1
70,B,14,1
70,B,15,1
70,B,16,1
70,B,17,1
70,B,18,1
70,B,19,1
70,B,20,1
71,A,1,0
71,A,2,0
71,A,3,1
71,A,4,1
71,A,5,0
71,A,6,0
71,A,7,1
71,A,8,1
71,A,9,0
71,A,10,0
71,A,11,0
71,A,12,0
71,A,13,0
71,A,14,0
71,A,15,0
71,A,16,1
71,A,17,0
71,A,18,0
71,A,19,0
71,A,20,1
71,B,1,0
71,B,2,0
71,B,3,1
71,B,4,1
71,B,5,1
71,B,6,0
71,B,7,0
71,B,8,1
71,B,9,1
71,B,10,0
71,B,11,1
71,B,12,1
71,B,13,1
71,B,14,1
71,B,15,1
71,B,16,1
71,B,17,1
71,B,18,0
71,B,19,1
71,B,20,1
72,A,1,1
72,A,2,1
72,A,3,1
72,A,4,0
72,A,5,1
72,A,6,1
72,A,7,1
72,A,8,1
72,A,9,0
72,A,10,1
72,A,11,1
72,A,12,1
72,A,13,1
72,A,14,1
72,A,15,1
72,A,16,1
72,A,17,1
72,A,18,1
72,A,19,1
72,A,20,1
72,B,1,1
72,B,2,1
72,B,3,1
72,B,4,1
72,B,5,1
72,B,6,1
72,B,7,1
72,B,8,0
72,B,9,1
72,B,10,1
72,B,11,1
72,B,12,1
72,B,13,1
72,B,14,1
72,B,15,1
72,B,16,1
72,B,17,1
72,B,18,1
72,B,19,1
72,B,20,1
73,A,1,1
73,A,2,0
73,A,3,0
73,A,4,0
73,A,5,0
73,A,6,1
73,A,7,0
73,A,8,0
73,A,9,0
73,A,10,1
73,A,11,0
73,A,12,1
73,A,13,1
73,A,14,0
73,A,15,1
73,A,16,0
73,A,17,0
73,A,18,1
73,A,19,1
73,A,20,0
73,B,1,0
73,B,2,0
73,B,3,0
73,B,4,0
73,B,5,0
73,B,6,0
73,B,7,0
73,B,8,0
73,B,9,0
73,B,10,0
73,B,11,0
73,B,12,0
73,B,13,0
73,B,14,0
73,B,15,0
73,B,16,0
73,B,17,0
73,B,18,0
73,B,19,0
73,B,20,0
74,A,1,1
74,A,2,1
74,A,3,1
74,A,4,0
74,A,5,1
74,A,6,1
74,A,7,1
74,A,8,1
74,A,9,0
74,A,10,1
74,A,11,1
74,A,12,1
74,A,13,1
74,A,14,1
74,A,15,0
74,A,16,0
74,A,17,1
74,A,18,1
74,A,19,1
74,A,20,1
74,B,1,1
74,B,2,1
74,B,3,1
74,B,4,0
74,B,5,1
74,B,6,1
74,B,7,0
74,B,8,1
74,B,9,0
74,B,10,0
74,B,11,1
74,B,12,1
74,B,13,1
74,B,14,1
74,B,15,1
74,B,16,1
74,B,17,1
74,B,18,1
74,B,19,1
74,B,20,0
75,A,1,1
75,A,2,0
75,A,3,1
75,A,4,0
75,A,5,0
75,A,6,0
75,A,7,0
75,A,8,0
75,A,9,1
75,A,10,1
75,A,11,1
75,A,12,1
75,A,13,0
75,A,14,0
75,A,15,0
75,A,16,1
75,A,17,1
75,A,18,1
75,A,19,0
75,A,20,1
75,B,1,0
75,B,2,1
75,B,3,1
75,B,4,0
75,B,5,0
75,B,6,1
75,B,7,0
75,B,8,1
75,B,9,1
75,B,10,0
75,B,11,1
75,B,12,1
75,B,13,0
75,B,14,1
75,B,15,0
75,B,16,1
75,B,17,1
75,B,18,1
75,B,19,0
75,B,20,1
76,A,1,1
76,A,2,1
76,A,3,1
76,A,4,1
76,A,5,1
76,A,6,0
76,A,7,0
76,A,8,0
76,A,9,1
76,A,10,1
76,A,11,1
76,A,12,1
76,A,13,0
76,A,14,1
76,A,15,1
76,A,16,1
76,A,17,1
76,A,18,1
76,A,19,1
76,A,20,1
76,B,1,0
76,B,2,0
76,B,3,1
76,B,4,1
76,B,5,1
76,B,6,0
76,B,7,0
76,B,8,0
76,B,9,0
76,B,10,0
76,B,11,0
76,B,12,0
76,B,13,0
76,B,14,0
76,B,15,0
76,B,16,1
76,B,17,0
76,B,18,0
76,B,19,1
76,B,20,0
77,A,1,0
77,A,2,0
77,A,3,1
77,A,4,1
77,A,5,0
77,A,6,0
77,A,7,0
77,A,8,0
77,A,9,0
77,A,10,1
77,A,11,0
77,A,12,1
77,A,13,0
77,A,14,0
77,A,15,1
77,A,16,0
77,A,17,1
77,A,18,0
77,A,19,0
77,A,20,0
77,B,1,0
77,B,2,0
77,B,3,0
77,B,4,1
77,B,5,0
77,B,6,0
77,B,7,0
77,B,8,0
77,B,9,1
77,B,10,1
77,B,11,0
77,B,12,0
77,B,13,0
77,B,14,1
77,B,15,0
77,B,16,0
77,B,17,1
77,B,18,1
77,B,19,1
77,B,20,1
78,A,1,0
78,A,2,1
78,A,3,0
78,A,4,0
78,A,5,0
78,A,6,1
78,A,7,0
78,A,8,0
78,A,9,0
78,A,10,0
78,A,11,0
78,A,12,1
78,A,13,1
78,A,14,1
78,A,15,1
78,A,16,1
78,A,17,0
78,A,18,1
78,A,19,1
78,A,20,1
78,B,1,0
78,B,2,0
78,B,3,0
78,B,4,0
78,B,5,0
78,B,6,0
78,B,7,0
78,B,8,0
78,B,9,1
78,B,10,1
78,B,11,1
78,B,12,0
78,B,13,1
78,B,14,0
78,B,15,1
78,B,16,0
78,B,17,0
78,B,18,0
78,B,19,0
78,B,20,0
79,A,1,0
79,A,2,1
79,A,3,1
79,A,4,1
79,A,5,1
79,A,6,0
79,A,7,1
79,A,8,0
79,A,9,0
79,A,10,1
79,A,11,1
79,A,12,0
79,A,13,0
79,A,14,1
79,A,15,1
79,A,16,1
79,A,17,1
79,A,18,0
79,A,19,1
79,A,20,0
79,B,1,0
79,B,2,0
79,B,3,0
79,B,4,0
79,B,5,0
79,B,6,1
79,B,7,1
79,B,8,0
79,B,9,0
79,B,10,1
79,B,11,1
79,B,12,1
79,B,13,0
79,B,14,1
79,B,15,0
79,B,16,0
79,B,17,1
79,B,18,0
79,B,19,1
79,B,20,0
80,A,1,1
80,A,2,1
80,A,3,1
80,A,4,1
80,A,5,1
80,A,6,1
80,A,7,1
80,A,8,1
80,A,9,1
80,A,10,1
80,A,11,1
80,A,12,1
80,A,13,1
80,A,14,1
80,A,15,1
80,A,16,1
80,A,17,1
80,A,18,1
80,A,19,1
80,A,20,1
80,B,1,0
80,B,2,0
80,B,3,0
80,B,4,1
80,B,5,0
80,B,6,0
80,B,7,0
80,B,8,0
80,B,9,0
80,B,10,1
80,B,11,0
80,B,12,0
80,B,13,0
80,B,14,0
80,B,15,0
80,B,16,0
80,B,17,0
80,B,18,0
80,B,19,1
80,B,20,0
81,A,1,1
81,A,2,0
81,A,3,1
81,A,4,1
81,A,5,1
81,A,6,0
81,A,7,1
81,A,8,1
81,A,9,1
81,A,10,1
81,A,11,0
81,A,12,1
81,A,13,1
81,A,14,0
81,A,15,1
81,A,16,0
81,A,17,1
81,A,18,0
81,A,19,0
81,A,20,1
81,B,1,0
81,B,2,0
81,B,3,1
81,B,4,0
81,B,5,0
81,B,6,1
81,B,7,1
81,B,8,0
81,B,9,0
81,B,10,0
81,B,11,0
81,B,12,0
81,B,13,1
81,B,14,0
81,B,15,1
81,B,16,0
81,B,17,1
81,B,18,0
81,B,19,0
81,B,20,0
82,A,1,0
82,A,2,0
82,A,3,1
82,A,4,0
82,A,5,0
82,A,6,0
82,A,7,0
82,A,8,1
82,A,9,0
82,A,10,1
82,A,11,0
82,A,12,1
82,A,13,0
82,A,14,0
82,A,15,0
82,A,16,1
82,A,17,1
82,A,18,0
82,A,19,0
82,A,20,1
82,B,1,0
82,B,2,1
82,B,3,1
82,B,4,1
82,B,5,1
82,B,6,1
82,B,7,0
82,B,8,0
82,B,9,1
82,B,10,1
82,B,11,1
82,B,12,1
82,B,13,0
82,B,14,1
82,B,15,1
82,B,16,0
82,B,17,1
82,B,18,1
82,B,19,1
82,B,20,1
83,A,1,1
83,A,2,1
83,A,3,1
83,A,4,1
83,A,5,1
83,A,6,1
83,A,7,1
83,A,8,1
83,A,9,1
83,A,10,1
83,A,11,1
83,A,12,1
83,A,13,0
83,A,14,1
83,A,15,1
83,A,16,1
83,A,17,1
83,A,18,0
83,A,19,0
83,A,20,0
83,B,1,1
83,B,2,0
83,B,3,1
83,B,4,0
83,B,5,0
83,B,6,0
83,B,7,0
83,B,8,1
83,B,9,0
83,B,10,0
83,B,11,0
83,B,12,0
83,B,13,1
83,B,14,0
83,B,15,0
83,B,16,1
83,B,17,0
83,B,18,0
83,B,19,0
83,B,20,0
84,A,1,1
84,A,2,0
84,A,3,1
84,A,4,0
84,A,5,0
84,A,6,0
84,A,7,1
84,A,8,1
84,A,9,1
84,A,10,1
84,A,11,0
84,A,12,0
84,A,13,1
84,A,14,0
84,A,15,0
84,A,16,1
84,A,17,0
84,A,18,1
84,A,19,0
84,A,20,1
84,B,1,0
84,B,2,0
84,B,3,0
84,B,4,0
84,B,5,0
84,B,6,0
84,B,7,0
84,B,8,0
84,B,9,0
84,B,10,0
84,B,11,0
84,B,12,0
84,B,13,0
84,B,14,0
84,B,15,0
84,B,16,0
84,B,17,1
84,B,18,0
84,B,19,0
84,B,20,0
85,A,1,1
85,A,2,1
85,A,3,1
85,A,4,1
85,A,5,1
85,A,6,1
85,A,7,1
85,A,8,1
85,A,9,1
85,A,10,1
85,A,11,1
85,A,12,1
85,A,13,1
85,A,14,1
85,A,15,1
85,A,16,1
85,A,17,1
85,A,18,1
85,A,19,1
85,A,20,1
85,B,1,1
85,B,2,1
85,B,3,1
85,B,4,1
85,B,5,1
85,B,6,1
85,B,7,1
85,B,8,1
85,B,9,1
85,B,10,1
85,B,11,1
85,B,12,1
85,B,13,1
85,B,14,1
85,B,15,1
85,B,16,1
85,B,17,1
85,B,18,1
85,B,19,1
85,B,20,1
86,A,1,0
86,A,2,0
86,A,3,0
86,A,4,0
86,A,5,1
86,A,6,0
86,A,7,0
86,A,8,1
86,A,9,0
86,A,10,0
86,A,11,1
86,A,12,0
86,A,13,1
86,A,14,1
86,A,15,1
86,A,16,1
86,A,17,0
86,A,18,0
86,A,19,1
86,A,20,1
86,B,1,0
86,B,2,0
86,B,3,0
86,B,4,0
86,B,5,0
86,B,6,0
86,B,7,0
86,B,8,0
86,B,9,0
86,B,10,0
86,B,11,0
86,B,12,0
86,B,13,0
86,B,14,0
86,B,15,0
86,B,16,0
86,B,17,0
86,B,18,0
86,B,19,0
86,B,20,0
87,A,1,1
87,A,2,1
87,A,3,1
87,A,4,1
87,A,5,1
87,A,6,1
87,A,7,1
87,A,8,0
87,A,9,1
87,A,10,1
87,A,11,1
87,A,12,1
87,A,13,1
87,A,14,1
87,A,15,1
87,A,16,1
87,A,17,1
87,A,18,1
87,A,19,1
87,A,20,1
87,B,1,0
87,B,2,0
87,B,3,1
87,B,4,0
87,B,5,0
87,B,6,0
87,B,7,0
87,B,8,0
87,B,9,1
87,B,10,0
87,B,11,0
87,B,12,0
87,B,13,0
87,B,14,0
87,B,15,0
87,B,16,0
87,B,17,1
87,B,18,0
87,B,19,0
87,B,20,1
88,A,1,0
88,A,2,0
88,A,3,0
88,A,4,0
88,A,5,1
88,A,6,1
88,A,7,0
88,A,8,0
88,A,9,0
88,A,10,0
88,A,11,0
88,A,12,0
88,A,13,0
88,A,14,0
88,A,15,0
88,A,16,1
88,A,17,0
88,A,18,0
88,A,19,0
88,A,20,0
88,B,1,1
88,B,2,0
88,B,3,0
88,B,4,1
88,B,5,0
88,B,6,0
88,B,7,1
88,B,8,1
88,B,9,1
88,B,10,1
88,B,11,0
88,B,12,1
88,B,13,1
88,B,14,1
88,B,15,0
88,B,16,1
88,B,17,1
88,B,18,1
88,B,19,1
88,B,20,1
89,A,1,0
89,A,2,1
89,A,3,1
89,A,4,1
89,A,5,1
89,A,6,0
89,A,7,1
89,A,8,1
89,A,9,0
89,A,10,1
89,A,11,0
89,A,12,1
89,A,13,1
89,A,14,1
89,A,15,1
89,A,16,1
89,A,17,0
89,A,18,1
89,A,19,0
89,A,20,1
89,B,1,0
89,B,2,0
89,B,3,0
89,B,4,1
89,B,5,0
89,B,6,0
89,B,7,1
89,B,8,1
89,B,9,0
89,B,10,0
89,B,11,1
89,B,12,0
89,B,13,0
89,B,14,0
89,B,15,0
89,B,16,0
89,B,17,1
89,B,18,0
89,B,19,0
89,B,20,0
90,A,1,1
90,A,2,0
90,A,3,1
90,A,4,1
90,A,5,1
90,A,6,0
90,A,7,1
90,A,8,1
90,A,9,0
90,A,10,1
90,A,11,0
90,A,12,0
90,A,13,0
90,A,14,0
90,A,15,0
90,A,16,1
90,A,17,0
90,A,18,1
90,A,19,1
90,A,20,1
90,B,1,0
90,B,2,0
90,B,3,0
90,B,4,0
90,B,5,1
90,B,6,1
90,B,7,1
90,B,8,0
90,B,9,1
90,B,10,0
90,B,11,0
90,B,12,0
90,B,13,0
90,B,14,0
90,B,15,1
90,B,16,0
90,B,17,0
90,B,18,1
90,B,19,0
90,B,20,0
91,A,1,1
91,A,2,0
91,A,3,1
91,A,4,1
91,A,5,0
91,A,6,1
91,A,7,1
91,A,8,1
91,A,9,1
91,A,10,1
91,A,11,1
91,A,12,1
91,A,13,1
91,A,14,1
91,A,15,1
91,A,16,1
91,A,17,1
91,A,18,1
91,A,19,1
91,A,20,1
91,B,1,0
91,B,2,0
91,B,3,0
91,B,4,0
91,B,5,0
91,B,6,0
91,B,7,0
91,B,8,0
91,B,9,0
91,B,10,0
91,B,11,0
91,B,12,0
91,B,13,0
91,B,14,0
91,B,15,0
91,B,16,0
91,B,17,0
91,B,18,0
91,B,19,0
91,B,20,0
92,A,1,1
92,A,2,0
92,A,3,0
92,A,4,0
92,A,5,0
92,A,6,0
92,A,7,0
92,A,8,0
92,A,9,0
92,A,10,0
92,A,11,0
92,A,12,1
92,A,13,1
92,A,14,0
92,A,15,0
92,A,16,0
92,A,17,1
92,A,18,0
92,A,19,0
92,A,20,0
92,B,1,1
92,B,2,1
92,B,3,0
92,B,4,1
92,B,5,1
92,B,6,1
92,B,7,1
92,B,8,1
92,B,9,1
92,B,10,1
92,B,11,1
92,B,12,1
92,B,13,0
92,B,14,1
92,B,15,1
92,B,16,1
92,B,17,0
92,B,18,1
92,B,19,1
92,B,20,1
93,A,1,0
93,A,2,0
93,A,3,0
93,A,4,0
93,A,5,0
93,A,6,0
93,A,7,0
93,A,8,0
93,A,9,0
93,A,10,0
93,A,11,0
93,A,12,0
93,A,13,0
93,A,14,0
93,A,15,0
93,A,16,1
93,A,17,0
93,A,18,0
93,A,19,1
93,A,20,0
93,B,1,1
93,B,2,0
93,B,3,0
93,B,4,0
93,B,5,0
93,B,6,1
93,B,7,0
93,B,8,0
93,B,9,0
93,B,10,0
93,B,11,0
93,B,12,0
93,B,13,0
93,B,14,0
93,B,15,0
93,B,16,0
93,B,17,0
93,B,18,0
93,B,19,0
93,B,20,0
94,A,1,0
94,A,2,1
94,A,3,0
94,A,4,0
94,A,5,1
94,A,6,1
94,A,7,0
94,A,8,0
94,A,9,0
94,A,10,1
94,A,11,1
94,A,12,0
94,A,13,0
94,A,14,1
94,A,15,0
94,A,16,0
94,A,17,0
94,A,18,1
94,A,19,0
94,A,20,0
94,B,1,0
94,B,2,0
94,B,3,0
94,B,4,0
94,B,5,0
94,B,6,0
94,B,7,0
94,B,8,0
94,B,9,0
94,B,10,0
94,B,11,0
94,B,12,0
94,B,13,0
94,B,14,0
94,B,15,0
94,B,16,0
94,B,17,0
94,B,18,0
94,B,19,1
94,B,20,1
95,A,1,1
95,A,2,0
95,A,3,0
95,A,4,0
95,A,5,0
95,A,6,0
95,A,7,0
95,A,8,0
95,A,9,0
95,A,10,0
95,A,11,0
95,A,12,0
95,A,13,1
95,A,14,0
95,A,15,0
95,A,16,0
95,A,17,0
95,A,18,0
95,A,19,0
95,A,20,0
95,B,1,1
95,B,2,1
95,B,3,1
95,B,4,1
95,B,5,1
95,B,6,1
95,B,7,1
95,B,8,1
95,B,9,1
95,B,10,1
95,B,11,1
95,B,12,1
95,B,13,1
95,B,14,1
95,B,15,1
95,B,16,1
95,B,17,1
95,B,18,1
95,B,19,1
95,B,20,1
96,A,1,0
96,A,2,0
96,A,3,1
96,A,4,0
96,A,5,0
96,A,6,0
96,A,7,0
96,A,8,0
96,A,9,1
96,A,10,0
96,A,11,0
96,A,12,0
96,A,13,0
96,A,14,0
96,A,15,0
96,A,16,0
96,A,17,0
96,A,18,0
96,A,19,0
96,A,20,1
96,B,1,0
96,B,2,1
96,B,3,1
96,B,4,1
96,B,5,1
96,B,6,0
96,B,7,1
96,B,8,1
96,B,9,1
96,B,10,1
96,B,11,1
96,B,12,1
96,B,13,1
96,B,14,1
96,B,15,1
96,B,16,1
96,B,17,1
96,B,18,1
96,B,19,1
96,B,20,1
97,A,1,0
97,A,2,0
97,A,3,0
97,A,4,0
97,A,5,0
97,A,6,0
97,A,7,0
97,A,8,0
97,A,9,0
97,A,10,0
97,A,11,0
97,A,12,0
97,A,13,0
97,A,14,0
97,A,15,0
97,A,16,0
97,A,17,0
97,A,18,0
97,A,19,0
97,A,20,0
97,B,1,0
97,B,2,0
97,B,3,0
97,B,4,0
97,B,5,0
97,B,6,0
97,B,7,1
97,B,8,1
97,B,9,0
97,B,10,1
97,B,11,0
97,B,12,0
97,B,13,0
97,B,14,0
97,B,15,1
97,B,16,0
97,B,17,0
97,B,18,0
97,B,19,0
97,B,20,1
98,A,1,0
98,A,2,0
98,A,3,0
98,A,4,0
98,A,5,0
98,A,6,1
98,A,7,0
98,A,8,0
98,A,9,0
98,A,10,0
98,A,11,0
98,A,12,0
98,A,13,0
98,A,14,0
98,A,15,0
98,A,16,0
98,A,17,0
98,A,18,0
98,A,19,0
98,A,20,0
98,B,1,1
98,B,2,1
98,B,3,1
98,B,4,1
98,B,5,1
98,B,6,0
98,B,7,0
98,B,8,1
98,B,9,1
98,B,10,1
98,B,11,1
98,B,12,0
98,B,13,0
98,B,14,0
98,B,15,1
98,B,16,1
98,B,17,0
98,B,18,1
98,B,19,1
98,B,20,1
99,A,1,1
99,A,2,0
99,A,3,0
99,A,4,0
99,A,5,1
99,A,6,1
99,A,7,0
99,A,8,0
99,A,9,0
99,A,10,0
99,A,11,0
99,A,12,0
99,A,13,0
99,A,14,0
99,A,15,0
99,A,16,1
99,A,17,0
99,A,18,0
99,A,19,0
99,A,20,1
99,B,1,1
99,B,2,1
99,B,3,1
99,B,4,1
99,B,5,1
99,B,6,1
99,B,7,1
99,B,8,1
99,B,9,1
99,B,10,1
99,B,11,1
99,B,12,1
99,B,13,1
99,B,14,1
99,B,15,1
99,B,16,1
99,B,17,1
99,B,18,1
99,B,19,1
99,B,20,1
100,A,1,0
100,A,2,0
100,A,3,0
100,A,4,0
100,A,5,1
100,A,6,0
100,A,7,0
100,A,8,0
100,A,9,1
100,A,10,1
100,A,11,0
100,A,12,0
100,A,13,0
100,A,14,0
100,A,15,0
100,A,16,0
100,A,17,0
100,A,18,0
100,A,19,0
100,A,20,0
100,B,1,0
100,B,2,0
100,B,3,0
100,B,4,0
100,B,5,1
100,B,6,0
100,B,7,1
100,B,8,1
100,B,9,0
100,B,10,0
100,B,11,0
100,B,12,0
100,B,13,1
100,B,14,0
100,B,15,0
100,B,16,0
100,B,17,1
100,B,18,0
100,B,19,1
100,B,20,0
ref,A,1,1
ref,A,2,1
ref,A,3,1
ref,A,4,1
ref,A,5,1
ref,A,6,1
ref,A,7,1
ref,A,8,1
ref,A,9,1
ref,A,10,1
ref,A,11,1
ref,A,12,1
ref,A,13,1
ref,A,14,1
ref,A,15,1
ref,A,16,1
ref,A,17,1
ref,A,18,1
ref,A,19,1
ref,A,20,1
ref,B,1,1
ref,B,2,1
ref,B,3,1
ref,B,4,1
ref,B,5,1
ref,B,6,1
ref,B,7,1
ref,B,8,1
ref,B,9,1
ref,B,10,1
ref,B,11,1
ref,B,12,1
ref,B,13,1
ref,B,14,1
ref,B,15,1
ref,B,16,1
ref,B,17,1
ref,B,18,1
ref,B,19,1
ref,B,20,1
